proj,files,totalLines,commentLines,blankLines,lineOfCodes,class,property,method,functions,operator,size(bytes),size
G:\GCModeller\src\runtime\Darwinism\src\CloudKit\Centos\Centos.NET5.vbproj,Centos\Interaction.vb,119,45,18,56,1,3,0,3,0,4661,4.66 KB
G:\GCModeller\src\runtime\Darwinism\src\CloudKit\Centos\Centos.NET5.vbproj,Centos\Commands\ls.vb,31,0,7,24,1,8,0,3,0,945,945 B
G:\GCModeller\src\runtime\Darwinism\src\CloudKit\Centos\Centos.NET5.vbproj,Centos\Commands\netstat.vb,82,33,7,42,1,8,0,1,0,3648,3.65 KB
G:\GCModeller\src\runtime\Darwinism\src\CloudKit\Centos\Centos.NET5.vbproj,Centos\SSH\PuTTY.vb,75,26,12,37,1,0,2,3,0,2999,3.00 KB
G:\GCModeller\src\runtime\Darwinism\src\CloudKit\Centos\Centos.NET5.vbproj,Centos\SSH\SSH.vb,31,3,5,23,1,0,1,2,0,952,952 B
G:\GCModeller\src\runtime\Darwinism\src\CloudKit\Centos\Centos.NET5.vbproj,<project>,338,107,49,182,5,19,3,12,0,13205,13.21 KB
G:\GCModeller\src\runtime\Darwinism\src\CloudKit\Docker\Docker.NET5.vbproj,Docker\Environment.vb,269,174,23,72,2,5,3,6,0,14188,14.19 KB
G:\GCModeller\src\runtime\Darwinism\src\CloudKit\Docker\Docker.NET5.vbproj,Docker\PowerShell.vb,88,42,11,35,1,0,0,2,0,3185,3.19 KB
G:\GCModeller\src\runtime\Darwinism\src\CloudKit\Docker\Docker.NET5.vbproj,Docker\ShellCommand.vb,30,6,4,20,1,0,1,2,0,1005,1005 B
G:\GCModeller\src\runtime\Darwinism\src\CloudKit\Docker\Docker.NET5.vbproj,Docker\Arguments\Image.vb,68,13,11,44,1,2,2,2,0,1955,1.96 KB
G:\GCModeller\src\runtime\Darwinism\src\CloudKit\Docker\Docker.NET5.vbproj,Docker\Arguments\Mount.vb,61,19,12,30,2,5,2,2,0,1836,1.84 KB
G:\GCModeller\src\runtime\Darwinism\src\CloudKit\Docker\Docker.NET5.vbproj,Docker\Captures\Models.vb,22,0,3,19,2,0,0,0,0,545,545 B
G:\GCModeller\src\runtime\Darwinism\src\CloudKit\Docker\Docker.NET5.vbproj,Docker\Captures\ParserHelpers.vb,25,0,5,20,1,0,0,1,0,852,852 B
G:\GCModeller\src\runtime\Darwinism\src\CloudKit\Docker\Docker.NET5.vbproj,Docker\test\Module1.vb,39,3,14,22,1,0,2,0,0,1177,1.18 KB
G:\GCModeller\src\runtime\Darwinism\src\CloudKit\Docker\Docker.NET5.vbproj,Docker\test\My Project\Application.Designer.vb,12,9,1,2,0,0,0,0,0,434,434 B
G:\GCModeller\src\runtime\Darwinism\src\CloudKit\Docker\Docker.NET5.vbproj,Docker\test\My Project\AssemblyInfo.vb,35,15,7,13,0,0,0,0,0,1143,1.14 KB
G:\GCModeller\src\runtime\Darwinism\src\CloudKit\Docker\Docker.NET5.vbproj,Docker\test\My Project\Resources.Designer.vb,63,23,8,32,1,2,0,0,0,2769,2.77 KB
G:\GCModeller\src\runtime\Darwinism\src\CloudKit\Docker\Docker.NET5.vbproj,Docker\test\My Project\Settings.Designer.vb,73,9,13,51,2,2,1,0,0,2954,2.95 KB
G:\GCModeller\src\runtime\Darwinism\src\CloudKit\Docker\Docker.NET5.vbproj,<project>,785,313,112,360,14,16,11,15,0,32043,32.04 KB
G:\GCModeller\src\runtime\Darwinism\src\CloudKit\ossutil\ossutil.NET5.vbproj,ossutil\Aspera.vb,110,45,13,52,1,2,1,5,0,3827,3.83 KB
G:\GCModeller\src\runtime\Darwinism\src\CloudKit\ossutil\ossutil.NET5.vbproj,ossutil\Extensions.vb,47,11,6,30,1,0,0,3,0,1583,1.58 KB
G:\GCModeller\src\runtime\Darwinism\src\CloudKit\ossutil\ossutil.NET5.vbproj,ossutil\FileSystem.vb,262,79,34,149,1,3,5,6,0,8744,8.74 KB
G:\GCModeller\src\runtime\Darwinism\src\CloudKit\ossutil\ossutil.NET5.vbproj,ossutil\Model\Bucket.vb,42,3,8,31,1,4,0,2,0,1128,1.13 KB
G:\GCModeller\src\runtime\Darwinism\src\CloudKit\ossutil\ossutil.NET5.vbproj,ossutil\Model\MetaData.vb,19,0,5,14,1,0,0,2,0,589,589 B
G:\GCModeller\src\runtime\Darwinism\src\CloudKit\ossutil\ossutil.NET5.vbproj,ossutil\Model\Object.vb,42,3,7,32,1,5,0,1,0,1029,1.03 KB
G:\GCModeller\src\runtime\Darwinism\src\CloudKit\ossutil\ossutil.NET5.vbproj,ossutil\Model\TextParsers.vb,67,6,11,50,1,0,0,2,0,2982,2.98 KB
G:\GCModeller\src\runtime\Darwinism\src\CloudKit\ossutil\ossutil.NET5.vbproj,ossutil\My Project\Application.Designer.vb,12,9,1,2,0,0,0,0,0,434,434 B
G:\GCModeller\src\runtime\Darwinism\src\CloudKit\ossutil\ossutil.NET5.vbproj,ossutil\My Project\AssemblyInfo.vb,36,15,6,15,0,0,0,0,0,1274,1.27 KB
G:\GCModeller\src\runtime\Darwinism\src\CloudKit\ossutil\ossutil.NET5.vbproj,ossutil\My Project\Resources.Designer.vb,63,23,8,32,1,2,0,0,0,2787,2.79 KB
G:\GCModeller\src\runtime\Darwinism\src\CloudKit\ossutil\ossutil.NET5.vbproj,ossutil\My Project\Settings.Designer.vb,74,9,12,53,2,2,1,0,0,3018,3.02 KB
G:\GCModeller\src\runtime\Darwinism\src\CloudKit\ossutil\ossutil.NET5.vbproj,ossutil\OSS\CLI.vb,63,27,8,28,1,0,2,2,0,2267,2.27 KB
G:\GCModeller\src\runtime\Darwinism\src\CloudKit\ossutil\ossutil.NET5.vbproj,<project>,837,230,119,488,11,18,9,23,0,29662,29.66 KB
G:\GCModeller\src\runtime\Darwinism\src\computing\batch\batch.vbproj,batch\Program.vb,108,10,15,83,3,0,1,6,0,3788,3.79 KB
G:\GCModeller\src\runtime\Darwinism\src\computing\batch\batch.vbproj,batch\Host\Argument.vb,41,0,8,33,1,6,2,3,0,1351,1.35 KB
G:\GCModeller\src\runtime\Darwinism\src\computing\batch\batch.vbproj,batch\Host\Host.vb,103,42,13,48,1,0,1,5,0,4010,4.01 KB
G:\GCModeller\src\runtime\Darwinism\src\computing\batch\batch.vbproj,batch\Host\ParallelFor.vb,53,0,12,41,1,1,1,3,0,1642,1.64 KB
G:\GCModeller\src\runtime\Darwinism\src\computing\batch\batch.vbproj,<project>,305,52,48,205,6,7,5,17,0,10791,10.79 KB
G:\GCModeller\src\runtime\Darwinism\src\computing\Parallel\parallel-netcore5.vbproj,Parallel\Extensions.vb,10,0,2,8,1,0,1,0,0,368,368 B
G:\GCModeller\src\runtime\Darwinism\src\computing\Parallel\parallel-netcore5.vbproj,Parallel\IpcParallel\IDelegate.vb,99,29,14,56,1,3,3,4,0,2927,2.93 KB
G:\GCModeller\src\runtime\Darwinism\src\computing\Parallel\parallel-netcore5.vbproj,Parallel\IpcParallel\IPCSocket.vb,204,55,28,121,1,9,2,9,0,7575,7.58 KB
G:\GCModeller\src\runtime\Darwinism\src\computing\Parallel\parallel-netcore5.vbproj,Parallel\IpcParallel\Protocols.vb,29,21,0,8,1,0,0,0,0,669,669 B
G:\GCModeller\src\runtime\Darwinism\src\computing\Parallel\parallel-netcore5.vbproj,Parallel\IpcParallel\SlaveTask.vb,196,36,32,128,3,0,1,7,0,7112,7.11 KB
G:\GCModeller\src\runtime\Darwinism\src\computing\Parallel\parallel-netcore5.vbproj,Parallel\IpcParallel\TaskBuilder.vb,260,49,38,173,1,0,2,8,0,9181,9.18 KB
G:\GCModeller\src\runtime\Darwinism\src\computing\Parallel\parallel-netcore5.vbproj,Parallel\IpcParallel\Utils.vb,57,6,11,40,1,0,2,0,0,1498,1.50 KB
G:\GCModeller\src\runtime\Darwinism\src\computing\Parallel\parallel-netcore5.vbproj,Parallel\IpcParallel\SocketBuffer\SocketRef.vb,75,8,14,53,1,1,1,5,0,3020,3.02 KB
G:\GCModeller\src\runtime\Darwinism\src\computing\Parallel\parallel-netcore5.vbproj,Parallel\IpcParallel\Stream\EmitHandler.vb,81,0,22,59,5,0,1,5,0,3952,3.95 KB
G:\GCModeller\src\runtime\Darwinism\src\computing\Parallel\parallel-netcore5.vbproj,Parallel\IpcParallel\Stream\EmitStreamAttribute.vb,60,13,13,34,3,2,1,7,0,1821,1.82 KB
G:\GCModeller\src\runtime\Darwinism\src\computing\Parallel\parallel-netcore5.vbproj,Parallel\IpcParallel\Stream\IPCError.vb,55,0,13,42,1,4,2,4,0,1717,1.72 KB
G:\GCModeller\src\runtime\Darwinism\src\computing\Parallel\parallel-netcore5.vbproj,Parallel\IpcParallel\Stream\IPCException.vb,32,9,6,17,1,1,1,0,0,1041,1.04 KB
G:\GCModeller\src\runtime\Darwinism\src\computing\Parallel\parallel-netcore5.vbproj,Parallel\IpcParallel\Stream\ObjectStream.vb,139,11,25,103,3,5,9,3,0,5304,5.30 KB
G:\GCModeller\src\runtime\Darwinism\src\computing\Parallel\parallel-netcore5.vbproj,Parallel\IpcParallel\Stream\StreamEmit.vb,171,28,21,122,1,0,1,11,0,6858,6.86 KB
G:\GCModeller\src\runtime\Darwinism\src\computing\Parallel\parallel-netcore5.vbproj,Parallel\IpcParallel\Stream\StreamMethods.vb,8,0,1,7,1,0,0,0,0,123,123 B
G:\GCModeller\src\runtime\Darwinism\src\computing\Parallel\parallel-netcore5.vbproj,Parallel\MemoryMap\MapObject.vb,206,40,37,129,1,1,4,11,0,6775,6.78 KB
G:\GCModeller\src\runtime\Darwinism\src\computing\Parallel\parallel-netcore5.vbproj,Parallel\MemoryMap\UnmanageMemoryRegion.vb,33,4,7,22,1,3,0,2,0,977,977 B
G:\GCModeller\src\runtime\Darwinism\src\computing\Parallel\parallel-netcore5.vbproj,Parallel\Serialization\StackFrameBuffer.vb,31,0,7,24,2,0,0,2,0,1424,1.42 KB
G:\GCModeller\src\runtime\Darwinism\src\computing\Parallel\parallel-netcore5.vbproj,Parallel\test\clr_parallelTask_demo.vb,59,0,16,43,2,1,2,2,0,1883,1.88 KB
G:\GCModeller\src\runtime\Darwinism\src\computing\Parallel\parallel-netcore5.vbproj,Parallel\test\memoryTest.vb,39,0,14,25,2,1,1,0,0,1000,1000 B
G:\GCModeller\src\runtime\Darwinism\src\computing\Parallel\parallel-netcore5.vbproj,Parallel\test\Module1.vb,7,1,1,5,1,0,1,0,0,136,136 B
G:\GCModeller\src\runtime\Darwinism\src\computing\Parallel\parallel-netcore5.vbproj,Parallel\ThreadTask\BatchTasks.vb,68,18,8,42,1,0,1,1,0,2653,2.65 KB
G:\GCModeller\src\runtime\Darwinism\src\computing\Parallel\parallel-netcore5.vbproj,Parallel\ThreadTask\TaskInvokeHelper.vb,12,0,3,9,1,0,0,1,0,242,242 B
G:\GCModeller\src\runtime\Darwinism\src\computing\Parallel\parallel-netcore5.vbproj,Parallel\ThreadTask\ThreadTask.vb,188,56,31,101,1,0,1,9,0,7739,7.74 KB
G:\GCModeller\src\runtime\Darwinism\src\computing\Parallel\parallel-netcore5.vbproj,<project>,2119,384,364,1371,37,31,37,91,0,75995,76.00 KB
G:\GCModeller\src\runtime\Darwinism\src\computing\Parallel\test\test.vbproj,test\clr_parallelTask_demo.vb,59,0,16,43,2,1,2,2,0,1883,1.88 KB
G:\GCModeller\src\runtime\Darwinism\src\computing\Parallel\test\test.vbproj,test\memoryTest.vb,39,0,14,25,2,1,1,0,0,1000,1000 B
G:\GCModeller\src\runtime\Darwinism\src\computing\Parallel\test\test.vbproj,test\Module1.vb,7,1,1,5,1,0,1,0,0,136,136 B
G:\GCModeller\src\runtime\Darwinism\src\computing\Parallel\test\test.vbproj,<project>,105,1,31,73,5,2,4,2,0,3019,3.02 KB
G:\GCModeller\src\runtime\Darwinism\src\Darwinism\Darwinism.vbproj,Darwinism\Env.vb,30,8,4,18,1,0,0,2,0,995,995 B
G:\GCModeller\src\runtime\Darwinism\src\Darwinism\Darwinism.vbproj,Darwinism\Math.vb,87,20,10,57,1,0,0,2,0,3362,3.36 KB
G:\GCModeller\src\runtime\Darwinism\src\Darwinism\Darwinism.vbproj,Darwinism\zzz.vb,10,0,3,7,1,0,1,0,0,193,193 B
G:\GCModeller\src\runtime\Darwinism\src\Darwinism\Darwinism.vbproj,Darwinism\Data\CDF.vb,39,13,5,21,1,0,1,3,0,1085,1.08 KB
G:\GCModeller\src\runtime\Darwinism\src\Darwinism\Darwinism.vbproj,Darwinism\Data\MemoryQuery.vb,101,31,14,56,1,0,0,4,0,3467,3.47 KB
G:\GCModeller\src\runtime\Darwinism\src\Darwinism\Darwinism.vbproj,Darwinism\Platform\Bash.vb,65,28,7,30,1,0,1,3,0,2322,2.32 KB
G:\GCModeller\src\runtime\Darwinism\src\Darwinism\Darwinism.vbproj,Darwinism\Platform\Centos.vb,85,14,10,61,1,0,1,4,0,3347,3.35 KB
G:\GCModeller\src\runtime\Darwinism\src\Darwinism\Darwinism.vbproj,Darwinism\Platform\Docker.vb,382,162,38,182,1,0,1,10,0,15738,15.74 KB
G:\GCModeller\src\runtime\Darwinism\src\Darwinism\Darwinism.vbproj,Darwinism\Platform\Tcp.vb,3,0,1,2,1,0,0,0,0,24,24 B
G:\GCModeller\src\runtime\Darwinism\src\Darwinism\Darwinism.vbproj,<project>,802,276,92,434,9,0,5,28,0,30533,30.53 KB
G:\GCModeller\src\runtime\Darwinism\src\data\CDF.PInvoke\CDF.PInvoke.vbproj,CDF.PInvoke\DataReader.vb,115,17,22,76,1,3,3,1,0,4060,4.06 KB
G:\GCModeller\src\runtime\Darwinism\src\data\CDF.PInvoke\CDF.PInvoke.vbproj,CDF.PInvoke\PInvoke\CreateMode.vb,34,22,0,12,1,0,0,0,0,1854,1.85 KB
G:\GCModeller\src\runtime\Darwinism\src\data\CDF.PInvoke\CDF.PInvoke.vbproj,CDF.PInvoke\PInvoke\FillValues.vb,35,18,2,15,1,0,0,0,0,1620,1.62 KB
G:\GCModeller\src\runtime\Darwinism\src\data\CDF.PInvoke\CDF.PInvoke.vbproj,CDF.PInvoke\PInvoke\FillVars.vb,19,5,0,14,1,0,0,0,0,1274,1.27 KB
G:\GCModeller\src\runtime\Darwinism\src\data\CDF.PInvoke\CDF.PInvoke.vbproj,CDF.PInvoke\PInvoke\netCDF.vb,1313,218,253,842,3,0,2,249,0,72213,72.21 KB
G:\GCModeller\src\runtime\Darwinism\src\data\CDF.PInvoke\CDF.PInvoke.vbproj,CDF.PInvoke\PInvoke\netCDFExtensions.vb,1162,48,91,1023,1,0,22,191,0,66870,66.87 KB
G:\GCModeller\src\runtime\Darwinism\src\data\CDF.PInvoke\CDF.PInvoke.vbproj,CDF.PInvoke\PInvoke\OpenMode.vb,13,6,0,7,1,0,0,0,0,612,612 B
G:\GCModeller\src\runtime\Darwinism\src\data\CDF.PInvoke\CDF.PInvoke.vbproj,CDF.PInvoke\PInvoke\Tensor.vb,179,5,48,126,1,0,0,41,0,8995,8.99 KB
G:\GCModeller\src\runtime\Darwinism\src\data\CDF.PInvoke\CDF.PInvoke.vbproj,<project>,2870,339,416,2115,10,3,27,482,0,157498,157.50 KB
G:\GCModeller\src\runtime\Darwinism\src\data\LINQ\LINQ\LINQ.vbproj,LINQ\Program.vb,53,8,6,39,1,0,0,2,0,1813,1.81 KB
G:\GCModeller\src\runtime\Darwinism\src\data\LINQ\LINQ\LINQ.vbproj,LINQ\Interpreter\ExecutableContext.vb,24,7,5,12,1,3,0,0,0,583,583 B
G:\GCModeller\src\runtime\Darwinism\src\data\LINQ\LINQ\LINQ.vbproj,LINQ\Interpreter\Program.vb,23,0,7,16,1,0,1,2,0,620,620 B
G:\GCModeller\src\runtime\Darwinism\src\data\LINQ\LINQ\LINQ.vbproj,LINQ\Interpreter\QueryInterpreter.vb,17,3,6,8,1,1,0,1,0,332,332 B
G:\GCModeller\src\runtime\Darwinism\src\data\LINQ\LINQ\LINQ.vbproj,LINQ\Interpreter\Expressions\ArrayExpression.vb,27,0,8,19,1,0,1,2,0,693,693 B
G:\GCModeller\src\runtime\Darwinism\src\data\LINQ\LINQ\LINQ.vbproj,LINQ\Interpreter\Expressions\BinaryExpression.vb,55,0,11,44,1,1,1,2,0,1656,1.66 KB
G:\GCModeller\src\runtime\Darwinism\src\data\LINQ\LINQ\LINQ.vbproj,LINQ\Interpreter\Expressions\CommandLineArgument.vb,22,3,5,14,1,1,1,2,0,620,620 B
G:\GCModeller\src\runtime\Darwinism\src\data\LINQ\LINQ\LINQ.vbproj,LINQ\Interpreter\Expressions\Expression.vb,24,8,5,11,1,1,0,0,0,610,610 B
G:\GCModeller\src\runtime\Darwinism\src\data\LINQ\LINQ\LINQ.vbproj,LINQ\Interpreter\Expressions\FuncEval.vb,43,0,11,32,1,2,1,2,0,1475,1.48 KB
G:\GCModeller\src\runtime\Darwinism\src\data\LINQ\LINQ\LINQ.vbproj,LINQ\Interpreter\Expressions\Literals.vb,40,0,7,33,1,2,1,2,0,1253,1.25 KB
G:\GCModeller\src\runtime\Darwinism\src\data\LINQ\LINQ\LINQ.vbproj,LINQ\Interpreter\Expressions\MemberReference.vb,42,0,10,32,1,0,1,2,0,1428,1.43 KB
G:\GCModeller\src\runtime\Darwinism\src\data\LINQ\LINQ\LINQ.vbproj,LINQ\Interpreter\Expressions\SymbolReference.vb,32,0,7,25,1,0,1,2,0,904,904 B
G:\GCModeller\src\runtime\Darwinism\src\data\LINQ\LINQ\LINQ.vbproj,LINQ\Interpreter\Expressions\Keywords\ImportDataDriver.vb,53,0,11,42,1,2,1,3,0,1609,1.61 KB
G:\GCModeller\src\runtime\Darwinism\src\data\LINQ\LINQ\LINQ.vbproj,LINQ\Interpreter\Expressions\Keywords\KeywordExpression.vb,8,0,3,5,1,0,0,0,0,204,204 B
G:\GCModeller\src\runtime\Darwinism\src\data\LINQ\LINQ\LINQ.vbproj,LINQ\Interpreter\Expressions\Keywords\OutputProjection.vb,38,3,9,26,1,2,1,2,0,1170,1.17 KB
G:\GCModeller\src\runtime\Darwinism\src\data\LINQ\LINQ\LINQ.vbproj,LINQ\Interpreter\Expressions\Keywords\SymbolDeclare.vb,28,3,6,19,1,4,0,2,0,881,881 B
G:\GCModeller\src\runtime\Darwinism\src\data\LINQ\LINQ\LINQ.vbproj,LINQ\Interpreter\Expressions\Keywords\WhereFilter.vb,30,3,7,20,1,1,1,2,0,779,779 B
G:\GCModeller\src\runtime\Darwinism\src\data\LINQ\LINQ\LINQ.vbproj,LINQ\Interpreter\Expressions\Keywords\Options\OrderBy.vb,78,0,16,62,1,1,1,5,0,2930,2.93 KB
G:\GCModeller\src\runtime\Darwinism\src\data\LINQ\LINQ\LINQ.vbproj,LINQ\Interpreter\Expressions\Keywords\Options\PipelineKeyword.vb,33,5,7,21,1,0,0,1,0,1300,1.30 KB
G:\GCModeller\src\runtime\Darwinism\src\data\LINQ\LINQ\LINQ.vbproj,LINQ\Interpreter\Expressions\Keywords\Options\SkipItems.vb,31,0,8,23,1,1,1,3,0,914,914 B
G:\GCModeller\src\runtime\Darwinism\src\data\LINQ\LINQ\LINQ.vbproj,LINQ\Interpreter\Expressions\Keywords\Options\TakeItems.vb,32,0,8,24,1,1,1,3,0,936,936 B
G:\GCModeller\src\runtime\Darwinism\src\data\LINQ\LINQ\LINQ.vbproj,LINQ\Interpreter\Query\AggregateExpression.vb,19,3,4,12,1,0,1,1,0,584,584 B
G:\GCModeller\src\runtime\Darwinism\src\data\LINQ\LINQ\LINQ.vbproj,LINQ\Interpreter\Query\Options.vb,40,0,10,30,1,0,1,2,0,1275,1.27 KB
G:\GCModeller\src\runtime\Darwinism\src\data\LINQ\LINQ\LINQ.vbproj,LINQ\Interpreter\Query\ProjectionExpression.vb,71,12,14,45,1,0,1,1,0,2473,2.47 KB
G:\GCModeller\src\runtime\Darwinism\src\data\LINQ\LINQ\LINQ.vbproj,LINQ\Interpreter\Query\QueryExpression.vb,48,0,11,37,1,1,2,3,0,1736,1.74 KB
G:\GCModeller\src\runtime\Darwinism\src\data\LINQ\LINQ\LINQ.vbproj,LINQ\Interpreter\Query\DataSoruce\DataSoruce.vb,34,0,8,26,1,0,1,1,0,1162,1.16 KB
G:\GCModeller\src\runtime\Darwinism\src\data\LINQ\LINQ\LINQ.vbproj,LINQ\Interpreter\Query\DataSoruce\SymbolIterator.vb,36,0,7,29,1,0,1,1,0,1152,1.15 KB
G:\GCModeller\src\runtime\Darwinism\src\data\LINQ\LINQ\LINQ.vbproj,LINQ\Interpreter\Query\DataSoruce\URIIteratorDriver.vb,34,0,6,28,1,0,1,1,0,1168,1.17 KB
G:\GCModeller\src\runtime\Darwinism\src\data\LINQ\LINQ\LINQ.vbproj,LINQ\Interpreter\Script\StackParser.vb,160,6,24,130,1,0,0,9,0,6233,6.23 KB
G:\GCModeller\src\runtime\Darwinism\src\data\LINQ\LINQ\LINQ.vbproj,LINQ\Interpreter\Script\SyntaxImplements.vb,305,1,43,261,1,0,0,14,0,13178,13.18 KB
G:\GCModeller\src\runtime\Darwinism\src\data\LINQ\LINQ\LINQ.vbproj,LINQ\Interpreter\Script\Builders\BinaryBuilder.vb,71,0,11,60,1,0,1,2,0,2704,2.70 KB
G:\GCModeller\src\runtime\Darwinism\src\data\LINQ\LINQ\LINQ.vbproj,LINQ\Interpreter\Script\Builders\ExpressionTree.vb,15,0,5,10,1,0,0,1,0,309,309 B
G:\GCModeller\src\runtime\Darwinism\src\data\LINQ\LINQ\LINQ.vbproj,LINQ\Language\Extensions.vb,10,0,2,8,1,0,0,1,0,263,263 B
G:\GCModeller\src\runtime\Darwinism\src\data\LINQ\LINQ\LINQ.vbproj,LINQ\Language\Token.vb,25,1,6,18,1,0,1,0,2,876,876 B
G:\GCModeller\src\runtime\Darwinism\src\data\LINQ\LINQ\LINQ.vbproj,LINQ\Language\Tokenizer.vb,174,5,24,145,3,0,1,3,0,6272,6.27 KB
G:\GCModeller\src\runtime\Darwinism\src\data\LINQ\LINQ\LINQ.vbproj,LINQ\Language\Tokens.vb,41,12,9,20,1,0,0,0,0,709,709 B
G:\GCModeller\src\runtime\Darwinism\src\data\LINQ\LINQ\LINQ.vbproj,LINQ\MemoryQuery\MemoryTable.vb,52,3,11,38,1,0,1,3,0,1743,1.74 KB
G:\GCModeller\src\runtime\Darwinism\src\data\LINQ\LINQ\LINQ.vbproj,LINQ\Runtime\Callable.vb,48,0,10,38,1,1,3,1,0,1395,1.40 KB
G:\GCModeller\src\runtime\Darwinism\src\data\LINQ\LINQ\LINQ.vbproj,LINQ\Runtime\DataFrameExtensions.vb,25,0,5,20,1,0,0,1,0,923,923 B
G:\GCModeller\src\runtime\Darwinism\src\data\LINQ\LINQ\LINQ.vbproj,LINQ\Runtime\Environment.vb,70,0,13,57,1,2,1,4,0,2120,2.12 KB
G:\GCModeller\src\runtime\Darwinism\src\data\LINQ\LINQ\LINQ.vbproj,LINQ\Runtime\GlobalEnvironment.vb,29,0,8,21,1,0,1,1,0,922,922 B
G:\GCModeller\src\runtime\Darwinism\src\data\LINQ\LINQ\LINQ.vbproj,LINQ\Runtime\Registry.vb,50,0,11,39,2,0,1,2,0,1841,1.84 KB
G:\GCModeller\src\runtime\Darwinism\src\data\LINQ\LINQ\LINQ.vbproj,LINQ\Runtime\Symbol.vb,27,0,6,21,1,4,0,1,0,860,860 B
G:\GCModeller\src\runtime\Darwinism\src\data\LINQ\LINQ\LINQ.vbproj,LINQ\Runtime\Drivers\DataFrameDriver.vb,28,0,7,21,1,0,1,1,0,883,883 B
G:\GCModeller\src\runtime\Darwinism\src\data\LINQ\LINQ\LINQ.vbproj,LINQ\Runtime\Drivers\DataSourceDriver.vb,14,0,5,9,1,0,1,0,0,348,348 B
G:\GCModeller\src\runtime\Darwinism\src\data\LINQ\LINQ\LINQ.vbproj,LINQ\Runtime\Drivers\DriverFlagAttribute.vb,17,0,5,12,1,1,1,1,0,436,436 B
G:\GCModeller\src\runtime\Darwinism\src\data\LINQ\LINQ\LINQ.vbproj,LINQ\Runtime\Indexing\RangeIndex.vb,75,4,14,57,1,0,1,3,0,2435,2.44 KB
G:\GCModeller\src\runtime\Darwinism\src\data\LINQ\LINQ\LINQ.vbproj,LINQ\Runtime\Indexing\SearchIndex.vb,17,0,5,12,1,0,2,0,0,411,411 B
G:\GCModeller\src\runtime\Darwinism\src\data\LINQ\LINQ\LINQ.vbproj,LINQ\Runtime\Indexing\TermHashIndex.vb,18,0,5,13,1,0,2,0,0,509,509 B
G:\GCModeller\src\runtime\Darwinism\src\data\LINQ\LINQ\LINQ.vbproj,LINQ\Runtime\Indexing\ValueIndex.vb,17,0,5,12,1,0,0,3,0,541,541 B
G:\GCModeller\src\runtime\Darwinism\src\data\LINQ\LINQ\LINQ.vbproj,LINQ\Runtime\Indexing\FullTextSearch\DocumentPool.vb,28,17,4,7,1,0,0,0,0,861,861 B
G:\GCModeller\src\runtime\Darwinism\src\data\LINQ\LINQ\LINQ.vbproj,LINQ\Runtime\Indexing\FullTextSearch\FTSEngine.vb,67,18,12,37,1,0,4,1,0,2115,2.12 KB
G:\GCModeller\src\runtime\Darwinism\src\data\LINQ\LINQ\LINQ.vbproj,LINQ\Runtime\Indexing\FullTextSearch\InMemoryDocuments.vb,34,1,8,25,1,0,2,5,0,983,983 B
G:\GCModeller\src\runtime\Darwinism\src\data\LINQ\LINQ\LINQ.vbproj,LINQ\Runtime\Indexing\FullTextSearch\InvertedIndex.vb,152,15,29,108,1,2,3,5,0,4311,4.31 KB
G:\GCModeller\src\runtime\Darwinism\src\data\LINQ\LINQ\LINQ.vbproj,LINQ\Runtime\Internal\InternalInvoke.vb,30,0,7,23,1,0,2,1,0,929,929 B
G:\GCModeller\src\runtime\Darwinism\src\data\LINQ\LINQ\LINQ.vbproj,LINQ\Runtime\Internal\Math.vb,13,0,4,9,1,0,0,0,0,413,413 B
G:\GCModeller\src\runtime\Darwinism\src\data\LINQ\LINQ\LINQ.vbproj,LINQ\test\FTStestProgram.vb,41,3,11,27,1,0,3,0,0,1188,1.19 KB
G:\GCModeller\src\runtime\Darwinism\src\data\LINQ\LINQ\LINQ.vbproj,LINQ\test\fulltext_demo.vb,23,0,7,16,1,0,1,0,0,697,697 B
G:\GCModeller\src\runtime\Darwinism\src\data\LINQ\LINQ\LINQ.vbproj,LINQ\test\Program.vb,36,0,6,30,1,0,2,0,0,1127,1.13 KB
G:\GCModeller\src\runtime\Darwinism\src\data\LINQ\LINQ\LINQ.vbproj,LINQ\test\resourceTest.vb,35,0,9,26,1,0,3,0,0,1657,1.66 KB
G:\GCModeller\src\runtime\Darwinism\src\data\LINQ\LINQ\LINQ.vbproj,LINQ\test\valueIndex.vb,16,0,4,12,1,0,1,0,0,508,508 B
G:\GCModeller\src\runtime\Darwinism\src\data\LINQ\LINQ\LINQ.vbproj,LINQ\test\My Project\Application.Designer.vb,12,9,1,2,0,0,0,0,0,434,434 B
G:\GCModeller\src\runtime\Darwinism\src\data\LINQ\LINQ\LINQ.vbproj,LINQ\test\My Project\AssemblyInfo.vb,35,15,7,13,0,0,0,0,0,1143,1.14 KB
G:\GCModeller\src\runtime\Darwinism\src\data\LINQ\LINQ\LINQ.vbproj,LINQ\test\My Project\Resources.Designer.vb,63,23,8,32,1,2,0,0,0,2769,2.77 KB
G:\GCModeller\src\runtime\Darwinism\src\data\LINQ\LINQ\LINQ.vbproj,LINQ\test\My Project\Settings.Designer.vb,73,9,13,51,2,2,1,0,0,2954,2.95 KB
G:\GCModeller\src\runtime\Darwinism\src\data\LINQ\LINQ\LINQ.vbproj,<project>,2961,200,587,2174,67,38,62,113,2,100260,100.26 KB
G:\GCModeller\src\runtime\Darwinism\src\data\LINQ\RQL\RQL.vbproj,RQL\FTSIndex.vb,149,15,30,104,1,0,5,5,0,5371,5.37 KB
G:\GCModeller\src\runtime\Darwinism\src\data\LINQ\RQL\RQL.vbproj,RQL\IndexReader.vb,50,0,11,39,1,0,1,2,0,1493,1.49 KB
G:\GCModeller\src\runtime\Darwinism\src\data\LINQ\RQL\RQL.vbproj,RQL\IndexWriter.vb,40,0,11,29,1,0,3,0,0,1098,1.10 KB
G:\GCModeller\src\runtime\Darwinism\src\data\LINQ\RQL\RQL.vbproj,RQL\NodeMap.vb,33,7,5,21,1,2,1,1,0,842,842 B
G:\GCModeller\src\runtime\Darwinism\src\data\LINQ\RQL\RQL.vbproj,RQL\Resource.vb,241,65,40,136,1,1,4,7,0,8660,8.66 KB
G:\GCModeller\src\runtime\Darwinism\src\data\LINQ\RQL\RQL.vbproj,<project>,513,87,97,329,5,3,14,15,0,17464,17.46 KB
G:\GCModeller\src\runtime\Darwinism\src\DataScience\DataMining\DataMining.vbproj,DataMining\DarwinismEnvironment.vb,46,12,6,28,1,0,3,1,0,1260,1.26 KB
G:\GCModeller\src\runtime\Darwinism\src\DataScience\DataMining\DataMining.vbproj,DataMining\KNearNeighbors.vb,64,11,8,45,1,3,0,2,0,2817,2.82 KB
G:\GCModeller\src\runtime\Darwinism\src\DataScience\DataMining\DataMining.vbproj,DataMining\Math.vb,46,9,8,29,1,0,1,2,0,1877,1.88 KB
G:\GCModeller\src\runtime\Darwinism\src\DataScience\DataMining\DataMining.vbproj,DataMining\UMAP.vb,3,0,1,2,1,0,0,0,0,32,32 B
G:\GCModeller\src\runtime\Darwinism\src\DataScience\DataMining\DataMining.vbproj,DataMining\Files\ClusterVectorFile.vb,32,3,5,24,1,0,0,4,0,1218,1.22 KB
G:\GCModeller\src\runtime\Darwinism\src\DataScience\DataMining\DataMining.vbproj,DataMining\Files\KNeighborFile.vb,67,3,14,50,1,0,1,5,0,2364,2.36 KB
G:\GCModeller\src\runtime\Darwinism\src\DataScience\DataMining\DataMining.vbproj,DataMining\Files\VectorFile.vb,63,3,14,46,1,0,1,5,0,2233,2.23 KB
G:\GCModeller\src\runtime\Darwinism\src\DataScience\DataMining\DataMining.vbproj,<project>,321,41,56,224,7,3,6,19,0,11801,11.80 KB
G:\GCModeller\src\runtime\Darwinism\src\message\Google.Protobuf\Google.Protobuf.vbproj,Google.Protobuf\FieldCodec.vb,291,142,32,117,3,0,1,22,0,16559,16.56 KB
G:\GCModeller\src\runtime\Darwinism\src\message\Google.Protobuf\Google.Protobuf.vbproj,Google.Protobuf\FieldCodecType.vb,130,57,17,56,1,7,5,4,0,5719,5.72 KB
G:\GCModeller\src\runtime\Darwinism\src\message\Google.Protobuf\Google.Protobuf.vbproj,Google.Protobuf\FrameworkPortability.vb,45,35,2,8,1,0,0,0,0,2385,2.38 KB
G:\GCModeller\src\runtime\Darwinism\src\message\Google.Protobuf\Google.Protobuf.vbproj,Google.Protobuf\ICustomDiagnosticMessage.vb,70,59,3,8,1,0,0,1,0,3816,3.82 KB
G:\GCModeller\src\runtime\Darwinism\src\message\Google.Protobuf\Google.Protobuf.vbproj,Google.Protobuf\IDeepCloneable.vb,52,44,1,7,1,0,0,1,0,2525,2.52 KB
G:\GCModeller\src\runtime\Darwinism\src\message\Google.Protobuf\Google.Protobuf.vbproj,Google.Protobuf\InvalidProtocolBufferException.vb,105,36,15,54,1,0,2,11,0,5770,5.77 KB
G:\GCModeller\src\runtime\Darwinism\src\message\Google.Protobuf\Google.Protobuf.vbproj,Google.Protobuf\ProtoPreconditions.vb,74,51,5,18,1,0,0,2,0,3470,3.47 KB
G:\GCModeller\src\runtime\Darwinism\src\message\Google.Protobuf\Google.Protobuf.vbproj,Google.Protobuf\WireFormat.vb,70,47,6,17,1,0,0,3,0,3170,3.17 KB
G:\GCModeller\src\runtime\Darwinism\src\message\Google.Protobuf\Google.Protobuf.vbproj,Google.Protobuf\WireType.vb,32,21,1,10,1,0,0,0,0,959,959 B
G:\GCModeller\src\runtime\Darwinism\src\message\Google.Protobuf\Google.Protobuf.vbproj,Google.Protobuf\Collections\MapField.vb,771,221,111,439,9,22,22,22,0,33577,33.58 KB
G:\GCModeller\src\runtime\Darwinism\src\message\Google.Protobuf\Google.Protobuf.vbproj,Google.Protobuf\Collections\ReadOnlyDictionary.vb,138,32,24,82,1,4,5,10,0,5946,5.95 KB
G:\GCModeller\src\runtime\Darwinism\src\message\Google.Protobuf\Google.Protobuf.vbproj,Google.Protobuf\Collections\RepeatedField.vb,585,185,87,313,1,6,15,15,0,24050,24.05 KB
G:\GCModeller\src\runtime\Darwinism\src\message\Google.Protobuf\Google.Protobuf.vbproj,Google.Protobuf\Compatibility\PropertyInfoExtensions.vb,73,42,5,26,1,0,0,2,0,3240,3.24 KB
G:\GCModeller\src\runtime\Darwinism\src\message\Google.Protobuf\Google.Protobuf.vbproj,Google.Protobuf\Compatibility\TypeExtensions.vb,109,58,13,38,1,0,0,3,0,5289,5.29 KB
G:\GCModeller\src\runtime\Darwinism\src\message\Google.Protobuf\Google.Protobuf.vbproj,Google.Protobuf\JSON\InvalidJsonException.vb,52,38,3,11,1,0,1,0,0,2593,2.59 KB
G:\GCModeller\src\runtime\Darwinism\src\message\Google.Protobuf\Google.Protobuf.vbproj,Google.Protobuf\JSON\JsonFormatter.vb,800,194,111,495,5,5,21,8,0,38350,38.35 KB
G:\GCModeller\src\runtime\Darwinism\src\message\Google.Protobuf\Google.Protobuf.vbproj,Google.Protobuf\JSON\JsonParser.vb,928,201,137,590,3,4,20,12,0,48972,48.97 KB
G:\GCModeller\src\runtime\Darwinism\src\message\Google.Protobuf\Google.Protobuf.vbproj,Google.Protobuf\JSON\JsonToken.vb,206,37,24,145,2,11,1,7,0,8212,8.21 KB
G:\GCModeller\src\runtime\Darwinism\src\message\Google.Protobuf\Google.Protobuf.vbproj,Google.Protobuf\JSON\JsonTokenizer.vb,685,211,85,389,8,1,9,16,0,32889,32.89 KB
G:\GCModeller\src\runtime\Darwinism\src\message\Google.Protobuf\Google.Protobuf.vbproj,Google.Protobuf\Message\IMessage.vb,70,52,6,12,1,1,2,1,0,3273,3.27 KB
G:\GCModeller\src\runtime\Darwinism\src\message\Google.Protobuf\Google.Protobuf.vbproj,Google.Protobuf\Message\IMessageType.vb,18,11,1,6,1,0,1,0,0,776,776 B
G:\GCModeller\src\runtime\Darwinism\src\message\Google.Protobuf\Google.Protobuf.vbproj,Google.Protobuf\Message\MessageExtensions.vb,156,76,9,71,1,0,6,2,0,7454,7.45 KB
G:\GCModeller\src\runtime\Darwinism\src\message\Google.Protobuf\Google.Protobuf.vbproj,Google.Protobuf\Message\MessageParser.vb,130,73,11,46,1,0,1,7,0,5548,5.55 KB
G:\GCModeller\src\runtime\Darwinism\src\message\Google.Protobuf\Google.Protobuf.vbproj,Google.Protobuf\Message\MessageParserType.vb,123,68,9,46,1,0,1,7,0,5314,5.31 KB
G:\GCModeller\src\runtime\Darwinism\src\message\Google.Protobuf\Google.Protobuf.vbproj,Google.Protobuf\Properties\AssemblyInfo.vb,44,33,4,7,0,0,0,0,0,2455,2.46 KB
G:\GCModeller\src\runtime\Darwinism\src\message\Google.Protobuf\Google.Protobuf.vbproj,Google.Protobuf\Reflection\FieldCollection.vb,81,34,12,35,1,0,1,3,0,3713,3.71 KB
G:\GCModeller\src\runtime\Darwinism\src\message\Google.Protobuf\Google.Protobuf.vbproj,Google.Protobuf\Reflection\FieldType.vb,111,86,1,24,1,0,0,0,0,3869,3.87 KB
G:\GCModeller\src\runtime\Darwinism\src\message\Google.Protobuf\Google.Protobuf.vbproj,Google.Protobuf\Reflection\GeneratedClrTypeInfo.vb,108,64,10,34,1,6,2,0,0,5293,5.29 KB
G:\GCModeller\src\runtime\Darwinism\src\message\Google.Protobuf\Google.Protobuf.vbproj,Google.Protobuf\Reflection\OriginalNameAttribute.vb,56,40,3,13,1,1,1,0,0,2520,2.52 KB
G:\GCModeller\src\runtime\Darwinism\src\message\Google.Protobuf\Google.Protobuf.vbproj,Google.Protobuf\Reflection\PartialClasses.vb,54,38,2,14,2,0,2,0,0,2793,2.79 KB
G:\GCModeller\src\runtime\Darwinism\src\message\Google.Protobuf\Google.Protobuf.vbproj,Google.Protobuf\Reflection\ReflectionUtil.vb,91,58,6,27,1,0,0,4,0,4731,4.73 KB
G:\GCModeller\src\runtime\Darwinism\src\message\Google.Protobuf\Google.Protobuf.vbproj,Google.Protobuf\Reflection\TypeRegistry.vb,168,88,16,64,3,1,4,6,0,8734,8.73 KB
G:\GCModeller\src\runtime\Darwinism\src\message\Google.Protobuf\Google.Protobuf.vbproj,Google.Protobuf\Reflection\Accessor\FieldAccessorBase.vb,64,32,7,25,1,1,1,1,0,2933,2.93 KB
G:\GCModeller\src\runtime\Darwinism\src\message\Google.Protobuf\Google.Protobuf.vbproj,Google.Protobuf\Reflection\Accessor\IFieldAccessor.vb,67,52,5,10,1,1,2,1,0,3106,3.11 KB
G:\GCModeller\src\runtime\Darwinism\src\message\Google.Protobuf\Google.Protobuf.vbproj,Google.Protobuf\Reflection\Accessor\MapFieldAccessor.vb,57,32,5,20,1,0,3,0,0,2517,2.52 KB
G:\GCModeller\src\runtime\Darwinism\src\message\Google.Protobuf\Google.Protobuf.vbproj,Google.Protobuf\Reflection\Accessor\OneofAccessor.vb,88,44,9,35,1,1,2,1,0,3699,3.70 KB
G:\GCModeller\src\runtime\Darwinism\src\message\Google.Protobuf\Google.Protobuf.vbproj,Google.Protobuf\Reflection\Accessor\RepeatedFieldAccessor.vb,57,32,5,20,1,0,3,0,0,2526,2.53 KB
G:\GCModeller\src\runtime\Darwinism\src\message\Google.Protobuf\Google.Protobuf.vbproj,Google.Protobuf\Reflection\Accessor\SingleFieldAccessor.vb,73,37,9,27,1,0,3,0,0,3619,3.62 KB
G:\GCModeller\src\runtime\Darwinism\src\message\Google.Protobuf\Google.Protobuf.vbproj,Google.Protobuf\Reflection\Descriptor\Descriptor.vb,6675,714,1116,4845,50,187,151,150,0,295125,295.12 KB
G:\GCModeller\src\runtime\Darwinism\src\message\Google.Protobuf\Google.Protobuf.vbproj,Google.Protobuf\Reflection\Descriptor\DescriptorBase.vb,87,49,7,31,1,3,1,0,0,3692,3.69 KB
G:\GCModeller\src\runtime\Darwinism\src\message\Google.Protobuf\Google.Protobuf.vbproj,Google.Protobuf\Reflection\Descriptor\DescriptorPool.vb,318,95,50,173,3,0,8,7,0,14619,14.62 KB
G:\GCModeller\src\runtime\Darwinism\src\message\Google.Protobuf\Google.Protobuf.vbproj,Google.Protobuf\Reflection\Descriptor\DescriptorUtil.vb,61,40,5,16,3,0,0,1,0,2904,2.90 KB
G:\GCModeller\src\runtime\Darwinism\src\message\Google.Protobuf\Google.Protobuf.vbproj,Google.Protobuf\Reflection\Descriptor\DescriptorValidationException.vb,80,43,7,30,1,2,2,0,0,3517,3.52 KB
G:\GCModeller\src\runtime\Darwinism\src\message\Google.Protobuf\Google.Protobuf.vbproj,Google.Protobuf\Reflection\Descriptor\EnumDescriptor.vb,124,56,13,55,1,5,1,2,0,5365,5.37 KB
G:\GCModeller\src\runtime\Darwinism\src\message\Google.Protobuf\Google.Protobuf.vbproj,Google.Protobuf\Reflection\Descriptor\EnumValueDescriptor.vb,84,41,7,36,1,4,1,0,0,3510,3.51 KB
G:\GCModeller\src\runtime\Darwinism\src\message\Google.Protobuf\Google.Protobuf.vbproj,Google.Protobuf\Reflection\Descriptor\FieldDescriptor.vb,341,110,45,186,1,13,2,3,0,15788,15.79 KB
G:\GCModeller\src\runtime\Darwinism\src\message\Google.Protobuf\Google.Protobuf.vbproj,Google.Protobuf\Reflection\Descriptor\FileDescriptor.vb,326,142,44,140,1,13,2,6,0,15777,15.78 KB
G:\GCModeller\src\runtime\Darwinism\src\message\Google.Protobuf\Google.Protobuf.vbproj,Google.Protobuf\Reflection\Descriptor\IDescriptor.vb,53,41,3,9,1,3,0,0,0,2440,2.44 KB
G:\GCModeller\src\runtime\Darwinism\src\message\Google.Protobuf\Google.Protobuf.vbproj,Google.Protobuf\Reflection\Descriptor\MessageDescriptor.vb,239,118,25,96,1,11,2,4,0,11875,11.88 KB
G:\GCModeller\src\runtime\Darwinism\src\message\Google.Protobuf\Google.Protobuf.vbproj,Google.Protobuf\Reflection\Descriptor\MethodDescriptor.vb,129,50,15,64,1,7,2,0,0,4988,4.99 KB
G:\GCModeller\src\runtime\Darwinism\src\message\Google.Protobuf\Google.Protobuf.vbproj,Google.Protobuf\Reflection\Descriptor\OneofDescriptor.vb,132,55,17,60,1,4,2,1,0,5438,5.44 KB
G:\GCModeller\src\runtime\Darwinism\src\message\Google.Protobuf\Google.Protobuf.vbproj,Google.Protobuf\Reflection\Descriptor\PackageDescriptor.vb,70,34,6,30,1,3,1,0,0,3009,3.01 KB
G:\GCModeller\src\runtime\Darwinism\src\message\Google.Protobuf\Google.Protobuf.vbproj,Google.Protobuf\Reflection\Descriptor\ServiceDescriptor.vb,91,43,9,39,1,3,2,1,0,3832,3.83 KB
G:\GCModeller\src\runtime\Darwinism\src\message\Google.Protobuf\Google.Protobuf.vbproj,Google.Protobuf\Stream\ByteArray.vb,75,41,6,28,1,0,2,0,0,3255,3.25 KB
G:\GCModeller\src\runtime\Darwinism\src\message\Google.Protobuf\Google.Protobuf.vbproj,Google.Protobuf\Stream\ByteString.vb,324,158,38,128,3,3,4,18,2,13791,13.79 KB
G:\GCModeller\src\runtime\Darwinism\src\message\Google.Protobuf\Google.Protobuf.vbproj,Google.Protobuf\Stream\CodedInputStream.vb,1178,402,171,605,1,6,15,33,0,48001,48.00 KB
G:\GCModeller\src\runtime\Darwinism\src\message\Google.Protobuf\Google.Protobuf.vbproj,Google.Protobuf\Stream\CodedOutputStream.ComputeSize.vb,276,120,37,119,1,0,0,22,0,10917,10.92 KB
G:\GCModeller\src\runtime\Darwinism\src\message\Google.Protobuf\Google.Protobuf.vbproj,Google.Protobuf\Stream\CodedOutputStream.vb,664,279,70,315,1,2,44,2,0,28374,28.37 KB
G:\GCModeller\src\runtime\Darwinism\src\message\Google.Protobuf\Google.Protobuf.vbproj,Google.Protobuf\Stream\LimitedInputStream.vb,111,34,15,62,1,5,4,2,0,4152,4.15 KB
G:\GCModeller\src\runtime\Darwinism\src\message\Google.Protobuf\Google.Protobuf.vbproj,Google.Protobuf\Stream\OutOfSpaceException.vb,16,4,3,9,1,0,1,0,0,443,443 B
G:\GCModeller\src\runtime\Darwinism\src\message\Google.Protobuf\Google.Protobuf.vbproj,Google.Protobuf\WellKnownTypes\Any.vb,298,102,39,157,2,6,7,6,0,11612,11.61 KB
G:\GCModeller\src\runtime\Darwinism\src\message\Google.Protobuf\Google.Protobuf.vbproj,Google.Protobuf\WellKnownTypes\AnyPartial.vb,104,61,9,34,1,0,0,5,0,5724,5.72 KB
G:\GCModeller\src\runtime\Darwinism\src\message\Google.Protobuf\Google.Protobuf.vbproj,Google.Protobuf\WellKnownTypes\Duration.vb,256,60,39,157,2,6,7,6,0,10062,10.06 KB
G:\GCModeller\src\runtime\Darwinism\src\message\Google.Protobuf\Google.Protobuf.vbproj,Google.Protobuf\WellKnownTypes\DurationPartial.vb,242,122,19,101,1,0,1,6,3,12645,12.64 KB
G:\GCModeller\src\runtime\Darwinism\src\message\Google.Protobuf\Google.Protobuf.vbproj,Google.Protobuf\WellKnownTypes\Empty.vb,149,15,29,105,2,4,7,6,0,5836,5.84 KB
G:\GCModeller\src\runtime\Darwinism\src\message\Google.Protobuf\Google.Protobuf.vbproj,Google.Protobuf\WellKnownTypes\FieldMask.vb,345,208,28,109,1,4,6,6,0,12494,12.49 KB
G:\GCModeller\src\runtime\Darwinism\src\message\Google.Protobuf\Google.Protobuf.vbproj,Google.Protobuf\WellKnownTypes\FieldMaskPartial.vb,119,56,10,53,1,0,0,3,0,5886,5.89 KB
G:\GCModeller\src\runtime\Darwinism\src\message\Google.Protobuf\Google.Protobuf.vbproj,Google.Protobuf\WellKnownTypes\FieldMaskReflection.vb,27,2,6,19,1,1,1,0,0,1452,1.45 KB
G:\GCModeller\src\runtime\Darwinism\src\message\Google.Protobuf\Google.Protobuf.vbproj,Google.Protobuf\WellKnownTypes\SourceContext.vb,178,13,34,131,2,5,7,6,0,7104,7.10 KB
G:\GCModeller\src\runtime\Darwinism\src\message\Google.Protobuf\Google.Protobuf.vbproj,Google.Protobuf\WellKnownTypes\ValuePartial.vb,101,58,6,37,1,0,0,6,0,4803,4.80 KB
G:\GCModeller\src\runtime\Darwinism\src\message\Google.Protobuf\Google.Protobuf.vbproj,Google.Protobuf\WellKnownTypes\Api\Api.vb,367,54,60,253,1,10,6,6,0,15239,15.24 KB
G:\GCModeller\src\runtime\Darwinism\src\message\Google.Protobuf\Google.Protobuf.vbproj,Google.Protobuf\WellKnownTypes\Api\ApiReflection.vb,27,2,6,19,1,1,1,0,0,2845,2.85 KB
G:\GCModeller\src\runtime\Darwinism\src\message\Google.Protobuf\Google.Protobuf.vbproj,Google.Protobuf\WellKnownTypes\Api\Method.vb,350,31,58,261,1,10,6,6,0,13366,13.37 KB
G:\GCModeller\src\runtime\Darwinism\src\message\Google.Protobuf\Google.Protobuf.vbproj,Google.Protobuf\WellKnownTypes\Api\Mixin.vb,261,88,33,140,1,5,6,6,0,9555,9.55 KB
G:\GCModeller\src\runtime\Darwinism\src\message\Google.Protobuf\Google.Protobuf.vbproj,Google.Protobuf\WellKnownTypes\Struct\KindOneofCase.vb,14,1,2,11,1,0,0,0,0,339,339 B
G:\GCModeller\src\runtime\Darwinism\src\message\Google.Protobuf\Google.Protobuf.vbproj,Google.Protobuf\WellKnownTypes\Struct\ListValue.vb,140,9,26,105,1,4,6,6,0,5498,5.50 KB
G:\GCModeller\src\runtime\Darwinism\src\message\Google.Protobuf\Google.Protobuf.vbproj,Google.Protobuf\WellKnownTypes\Struct\NullValue.vb,22,9,2,11,1,0,0,0,0,623,623 B
G:\GCModeller\src\runtime\Darwinism\src\message\Google.Protobuf\Google.Protobuf.vbproj,Google.Protobuf\WellKnownTypes\Struct\Struct.vb,154,16,29,109,1,4,6,6,0,6095,6.09 KB
G:\GCModeller\src\runtime\Darwinism\src\message\Google.Protobuf\Google.Protobuf.vbproj,Google.Protobuf\WellKnownTypes\Struct\StructReflection.vb,27,2,6,19,1,1,1,0,0,2625,2.62 KB
G:\GCModeller\src\runtime\Darwinism\src\message\Google.Protobuf\Google.Protobuf.vbproj,Google.Protobuf\WellKnownTypes\Struct\Value.vb,363,32,57,274,1,10,7,6,0,14694,14.69 KB
G:\GCModeller\src\runtime\Darwinism\src\message\Google.Protobuf\Google.Protobuf.vbproj,Google.Protobuf\WellKnownTypes\Timestamp\TimeExtensions.vb,75,51,4,20,1,0,0,3,0,3843,3.84 KB
G:\GCModeller\src\runtime\Darwinism\src\message\Google.Protobuf\Google.Protobuf.vbproj,Google.Protobuf\WellKnownTypes\Timestamp\Timestamp.vb,247,69,35,143,1,5,6,6,0,9371,9.37 KB
G:\GCModeller\src\runtime\Darwinism\src\message\Google.Protobuf\Google.Protobuf.vbproj,Google.Protobuf\WellKnownTypes\Timestamp\TimestampPartial.vb,225,119,18,88,1,0,0,8,3,13003,13.00 KB
G:\GCModeller\src\runtime\Darwinism\src\message\Google.Protobuf\Google.Protobuf.vbproj,Google.Protobuf\WellKnownTypes\Timestamp\TimestampReflection.vb,26,2,6,18,1,1,1,0,0,1514,1.51 KB
G:\GCModeller\src\runtime\Darwinism\src\message\Google.Protobuf\Google.Protobuf.vbproj,Google.Protobuf\WellKnownTypes\Type\Enum.vb,277,23,48,206,1,8,6,6,0,11139,11.14 KB
G:\GCModeller\src\runtime\Darwinism\src\message\Google.Protobuf\Google.Protobuf.vbproj,Google.Protobuf\WellKnownTypes\Type\EnumValue.vb,208,15,36,157,1,6,6,6,0,7712,7.71 KB
G:\GCModeller\src\runtime\Darwinism\src\message\Google.Protobuf\Google.Protobuf.vbproj,Google.Protobuf\WellKnownTypes\Type\Field.vb,456,45,72,339,1,13,6,6,0,16687,16.69 KB
G:\GCModeller\src\runtime\Darwinism\src\message\Google.Protobuf\Google.Protobuf.vbproj,Google.Protobuf\WellKnownTypes\Type\FieldTypes.vb,138,76,2,60,3,0,0,0,0,4684,4.68 KB
G:\GCModeller\src\runtime\Darwinism\src\message\Google.Protobuf\Google.Protobuf.vbproj,Google.Protobuf\WellKnownTypes\Type\Option.vb,194,12,36,146,1,5,6,6,0,7035,7.04 KB
G:\GCModeller\src\runtime\Darwinism\src\message\Google.Protobuf\Google.Protobuf.vbproj,Google.Protobuf\WellKnownTypes\Type\Syntax.vb,25,9,3,13,1,0,0,0,0,647,647 B
G:\GCModeller\src\runtime\Darwinism\src\message\Google.Protobuf\Google.Protobuf.vbproj,Google.Protobuf\WellKnownTypes\Type\Type.vb,310,29,54,227,1,9,6,6,0,12376,12.38 KB
G:\GCModeller\src\runtime\Darwinism\src\message\Google.Protobuf\Google.Protobuf.vbproj,Google.Protobuf\WellKnownTypes\Type\TypeReflection.vb,27,2,6,19,1,1,1,0,0,4562,4.56 KB
G:\GCModeller\src\runtime\Darwinism\src\message\Google.Protobuf\Google.Protobuf.vbproj,Google.Protobuf\WellKnownTypes\Wrappers\BoolValue.vb,150,9,28,113,1,4,6,6,0,5219,5.22 KB
G:\GCModeller\src\runtime\Darwinism\src\message\Google.Protobuf\Google.Protobuf.vbproj,Google.Protobuf\WellKnownTypes\Wrappers\BytesValue.vb,153,9,29,115,1,4,6,6,0,5370,5.37 KB
G:\GCModeller\src\runtime\Darwinism\src\message\Google.Protobuf\Google.Protobuf.vbproj,Google.Protobuf\WellKnownTypes\Wrappers\DoubleValue.vb,149,9,27,113,1,4,6,6,0,5230,5.23 KB
G:\GCModeller\src\runtime\Darwinism\src\message\Google.Protobuf\Google.Protobuf.vbproj,Google.Protobuf\WellKnownTypes\Wrappers\FloatValue.vb,150,9,28,113,1,4,6,6,0,5214,5.21 KB
G:\GCModeller\src\runtime\Darwinism\src\message\Google.Protobuf\Google.Protobuf.vbproj,Google.Protobuf\WellKnownTypes\Wrappers\Int32Value.vb,150,9,28,113,1,4,6,6,0,5251,5.25 KB
G:\GCModeller\src\runtime\Darwinism\src\message\Google.Protobuf\Google.Protobuf.vbproj,Google.Protobuf\WellKnownTypes\Wrappers\Int64Value.vb,150,9,28,113,1,4,6,6,0,5246,5.25 KB
G:\GCModeller\src\runtime\Darwinism\src\message\Google.Protobuf\Google.Protobuf.vbproj,Google.Protobuf\WellKnownTypes\Wrappers\StringValue.vb,150,9,28,113,1,4,6,6,0,5337,5.34 KB
G:\GCModeller\src\runtime\Darwinism\src\message\Google.Protobuf\Google.Protobuf.vbproj,Google.Protobuf\WellKnownTypes\Wrappers\UInt32Value.vb,150,9,28,113,1,4,6,6,0,5275,5.28 KB
G:\GCModeller\src\runtime\Darwinism\src\message\Google.Protobuf\Google.Protobuf.vbproj,Google.Protobuf\WellKnownTypes\Wrappers\UInt64Value.vb,150,9,28,113,1,4,6,6,0,5274,5.27 KB
G:\GCModeller\src\runtime\Darwinism\src\message\Google.Protobuf\Google.Protobuf.vbproj,Google.Protobuf\WellKnownTypes\Wrappers\Wrappers.vb,31,4,8,19,1,1,1,0,0,3394,3.39 KB
G:\GCModeller\src\runtime\Darwinism\src\message\Google.Protobuf\Google.Protobuf.vbproj,Google.Protobuf\WellKnownTypes\Wrappers\WrappersPartial.vb,40,32,1,7,1,0,0,0,0,2042,2.04 KB
G:\GCModeller\src\runtime\Darwinism\src\message\Google.Protobuf\Google.Protobuf.vbproj,<project>,25461,6840,3600,15021,190,502,552,611,8,1117098,1.12 MB
G:\GCModeller\src\runtime\Darwinism\src\networking\networking.vbproj,networking\Captcha.vb,296,16,24,256,1,5,2,1,0,12403,12.40 KB
G:\GCModeller\src\runtime\Darwinism\src\networking\networking.vbproj,networking\IProtocolHandler.vb,78,14,19,45,8,0,2,2,0,2570,2.57 KB
G:\GCModeller\src\runtime\Darwinism\src\networking\networking.vbproj,networking\ServerModule.vb,107,28,18,61,2,3,4,4,0,4393,4.39 KB
G:\GCModeller\src\runtime\Darwinism\src\networking\networking.vbproj,networking\TcpServicesSocket.vb,318,97,50,171,1,5,10,6,0,13686,13.69 KB
G:\GCModeller\src\runtime\Darwinism\src\networking\networking.vbproj,networking\HTTP\WebCrawling.vb,174,9,26,139,1,0,1,5,0,7016,7.02 KB
G:\GCModeller\src\runtime\Darwinism\src\networking\networking.vbproj,networking\HTTP\WebSaveAs.vb,84,17,17,50,1,0,1,1,0,2843,2.84 KB
G:\GCModeller\src\runtime\Darwinism\src\networking\networking.vbproj,networking\HTTP\iana.org\MediaTypes.vb,23,14,1,8,1,3,0,1,0,1068,1.07 KB
G:\GCModeller\src\runtime\Darwinism\src\networking\networking.vbproj,networking\Pipeline\API.vb,94,22,14,58,2,1,0,5,0,3518,3.52 KB
G:\GCModeller\src\runtime\Darwinism\src\networking\networking.vbproj,networking\Pipeline\PipeBuffer.vb,49,0,12,37,1,2,2,1,0,1904,1.90 KB
G:\GCModeller\src\runtime\Darwinism\src\networking\networking.vbproj,networking\Pipeline\Pipeline.vb,87,14,15,58,1,0,1,3,0,3352,3.35 KB
G:\GCModeller\src\runtime\Darwinism\src\networking\networking.vbproj,networking\Pipeline\PipeStream.vb,31,3,9,19,1,1,2,1,0,746,746 B
G:\GCModeller\src\runtime\Darwinism\src\networking\networking.vbproj,networking\Protocol\Reflection\AppMgr.vb,65,12,13,40,1,2,1,3,0,2241,2.24 KB
G:\GCModeller\src\runtime\Darwinism\src\networking\networking.vbproj,networking\Protocol\Reflection\ProtocolAttribute.vb,88,40,10,38,1,2,2,3,0,3951,3.95 KB
G:\GCModeller\src\runtime\Darwinism\src\networking\networking.vbproj,networking\Protocol\Reflection\ProtocolHandler.vb,171,33,25,113,1,2,1,8,0,7783,7.78 KB
G:\GCModeller\src\runtime\Darwinism\src\networking\networking.vbproj,networking\Protocol\Reflection\ProtocolInvoker.vb,53,3,8,42,1,0,1,4,0,2007,2.01 KB
G:\GCModeller\src\runtime\Darwinism\src\networking\networking.vbproj,networking\Protocol\Streams\Array.vb,96,0,22,74,4,0,12,4,0,2939,2.94 KB
G:\GCModeller\src\runtime\Darwinism\src\networking\networking.vbproj,networking\Protocol\Streams\ArrayAbstract.vb,38,6,6,26,1,1,1,0,0,1401,1.40 KB
G:\GCModeller\src\runtime\Darwinism\src\networking\networking.vbproj,networking\Protocol\Streams\ArrayBase.vb,74,6,16,52,1,0,2,2,0,2790,2.79 KB
G:\GCModeller\src\runtime\Darwinism\src\networking\networking.vbproj,networking\Protocol\Streams\String.vb,75,3,18,54,1,2,5,2,0,2146,2.15 KB
G:\GCModeller\src\runtime\Darwinism\src\networking\networking.vbproj,networking\Protocol\Streams\VarArray.vb,73,8,16,49,1,0,3,0,0,2469,2.47 KB
G:\GCModeller\src\runtime\Darwinism\src\networking\networking.vbproj,networking\TcpRequest\NetResponse.vb,684,476,39,169,1,82,0,1,0,37292,37.29 KB
G:\GCModeller\src\runtime\Darwinism\src\networking\networking.vbproj,networking\TcpRequest\StateObject.vb,81,34,14,33,1,0,2,1,0,2871,2.87 KB
G:\GCModeller\src\runtime\Darwinism\src\networking\networking.vbproj,networking\TcpRequest\TcpRequest.vb,249,72,42,135,3,0,12,7,0,10015,10.02 KB
G:\GCModeller\src\runtime\Darwinism\src\networking\networking.vbproj,networking\TcpSocket\ClientMetadata.vb,98,0,24,74,1,6,2,0,0,2671,2.67 KB
G:\GCModeller\src\runtime\Darwinism\src\networking\networking.vbproj,networking\TcpSocket\ConnectionEventArgs.vb,24,9,5,10,1,2,1,0,0,735,735 B
G:\GCModeller\src\runtime\Darwinism\src\networking\networking.vbproj,networking\TcpSocket\DataReceivedEventArgs.vb,23,9,4,10,1,2,1,0,0,693,693 B
G:\GCModeller\src\runtime\Darwinism\src\networking\networking.vbproj,networking\TcpSocket\DataSentEventArgs.vb,23,9,4,10,1,2,1,0,0,659,659 B
G:\GCModeller\src\runtime\Darwinism\src\networking\networking.vbproj,networking\TcpSocket\DisconnectReason.vb,24,15,1,8,1,0,0,0,0,710,710 B
G:\GCModeller\src\runtime\Darwinism\src\networking\networking.vbproj,networking\TcpSocket\SimpleTcpKeepaliveSettings.vb,83,27,9,47,1,5,1,0,0,3611,3.61 KB
G:\GCModeller\src\runtime\Darwinism\src\networking\networking.vbproj,networking\TcpSocket\SimpleTcpStatistics.vb,59,25,8,26,1,4,2,1,0,1950,1.95 KB
G:\GCModeller\src\runtime\Darwinism\src\networking\networking.vbproj,networking\TcpSocket\TcpClient\SimpleTcpClient.vb,1065,190,159,716,1,7,26,2,0,50717,50.72 KB
G:\GCModeller\src\runtime\Darwinism\src\networking\networking.vbproj,networking\TcpSocket\TcpClient\SimpleTcpClientEvents.vb,61,18,15,28,1,0,5,0,0,1812,1.81 KB
G:\GCModeller\src\runtime\Darwinism\src\networking\networking.vbproj,networking\TcpSocket\TcpClient\SimpleTcpClientSettings.vb,178,51,26,101,1,8,1,0,0,6583,6.58 KB
G:\GCModeller\src\runtime\Darwinism\src\networking\networking.vbproj,networking\TcpSocket\TcpServer\SimpleTcpServer.vb,1053,147,174,732,1,9,17,5,0,47963,47.96 KB
G:\GCModeller\src\runtime\Darwinism\src\networking\networking.vbproj,networking\TcpSocket\TcpServer\SimpleTcpServerEvents.vb,61,18,15,28,1,0,5,0,0,1821,1.82 KB
G:\GCModeller\src\runtime\Darwinism\src\networking\networking.vbproj,networking\TcpSocket\TcpServer\SimpleTcpServerSettings.vb,172,50,25,97,1,7,1,0,0,6276,6.28 KB
G:\GCModeller\src\runtime\Darwinism\src\networking\networking.vbproj,networking\test\Program.vb,28,0,6,22,1,0,3,0,0,660,660 B
G:\GCModeller\src\runtime\Darwinism\src\networking\networking.vbproj,<project>,6040,1495,909,3636,51,163,133,73,0,258265,258.26 KB
G:\GCModeller\src\runtime\Darwinism\src\networking\test\test.vbproj,test\Program.vb,28,0,6,22,1,0,3,0,0,660,660 B
G:\GCModeller\src\runtime\Darwinism\src\networking\test\test.vbproj,<project>,28,0,6,22,1,0,3,0,0,660,660 B
../,<root>,86970,20730,12972,53268,836,1610,1742,3002,20,3716588,3.72 MB
